Model,Accuracy,Precision,Recall,F1
BERT,88.04236419542192,87.2140300502173,88.04236419542192,87.58906799779379
DistilBERT,96.99350871199181,81.28781378734794,88.62316364878716,84.76316592348488
TinyBERT,62.965493679535356,29.806302524392375,54.59514861633071,38.560462978517776
ALBERT,96.6860266484455,81.1196796424404,88.31568158524085,84.47947470727948
