Model,Accuracy,Precision,Recall,F1
TabPFN,81.56996587030717,80.99047439812841,81.56996587030717,80.04211659009434
